year,strategy_return
2020,0.23450583112235557
2021,0.043344150642528056
2022,0.05133364799289475
2023,0.00019943425466806275
