model,beta_hat,beta_ci_low,beta_ci_high
UIP,2.119239023134388,-1.942447280828655,6.180925327097431
PPP,-0.6934034498024492,-2.692448318029739,1.3056414184248406
