model,beta_hat,beta_ci_low,beta_ci_high
UIP,-2.1192390231344076,-6.180925327097527,1.9424472808287119
PPP,0.6934034498024307,-1.3056414184248681,2.69244831802973
